<?xml version="1.0" encoding="utf-8" ?>
<CIM CIMVERSION="2.0" DTDVERSION="2.0">
<MESSAGE ID="35075" PROTOCOLVERSION="1.0">
<SIMPLERSP>
<IMETHODRESPONSE NAME="EnumerateInstances">
<IRETURNVALUE>
<VALUE.NAMEDINSTANCE>
<INSTANCENAME CLASSNAME="CIM_IndicationSubscription">
<KEYBINDING NAME="Filter">
<VALUE.REFERENCE>
<INSTANCENAME CLASSNAME="CIM_IndicationFilter">
<KEYBINDING NAME="CreationClassName">
<KEYVALUE VALUETYPE="string">CIM_IndicationFilter</KEYVALUE>
</KEYBINDING>
<KEYBINDING NAME="Name">
<KEYVALUE VALUETYPE="string">Indication Alert</KEYVALUE>
</KEYBINDING>
<KEYBINDING NAME="SystemCreationClassName">
<KEYVALUE VALUETYPE="string">CIM_ComputerSystem</KEYVALUE>
</KEYBINDING>
<KEYBINDING NAME="SystemName">
<KEYVALUE VALUETYPE="string">SMCloud105.cn.ibm.com</KEYVALUE>
</KEYBINDING>
</INSTANCENAME>
</VALUE.REFERENCE>
</KEYBINDING>
<KEYBINDING NAME="Handler">
<VALUE.REFERENCE>
<INSTANCENAME CLASSNAME="CIM_ListenerDestinationCIMXML">
<KEYBINDING NAME="CreationClassName">
<KEYVALUE VALUETYPE="string">CIM_ListenerDestinationCIMXML</KEYVALUE>
</KEYBINDING>
<KEYBINDING NAME="Name">
<KEYVALUE VALUETYPE="string">SNMP</KEYVALUE>
</KEYBINDING>
<KEYBINDING NAME="SystemCreationClassName">
<KEYVALUE VALUETYPE="string">CIM_ComputerSystem</KEYVALUE>
</KEYBINDING>
<KEYBINDING NAME="SystemName">
<KEYVALUE VALUETYPE="string">SMCloud105.cn.ibm.com</KEYVALUE>
</KEYBINDING>
</INSTANCENAME>
</VALUE.REFERENCE>
</KEYBINDING>
</INSTANCENAME>
<INSTANCE CLASSNAME="CIM_IndicationSubscription" >
<PROPERTY NAME="OtherOnFatalErrorPolicy"  PROPAGATED="true" TYPE="string">
</PROPERTY>
<PROPERTY NAME="FailureTriggerTimeInterval"  PROPAGATED="true" TYPE="uint64">
</PROPERTY>
<PROPERTY NAME="OtherSubscriptionState"  PROPAGATED="true" TYPE="string">
</PROPERTY>
<PROPERTY NAME="SubscriptionDuration"  PROPAGATED="true" TYPE="uint64">
</PROPERTY>
<PROPERTY NAME="SubscriptionTimeRemaining"  PROPAGATED="true" TYPE="uint64">
</PROPERTY>
<PROPERTY NAME="OtherRepeatNotificationPolicy"  PROPAGATED="true" TYPE="string">
</PROPERTY>
<PROPERTY NAME="RepeatNotificationInterval"  PROPAGATED="true" TYPE="uint64">
</PROPERTY>
<PROPERTY NAME="RepeatNotificationGap"  PROPAGATED="true" TYPE="uint64">
</PROPERTY>
<PROPERTY NAME="RepeatNotificationCount"  PROPAGATED="true" TYPE="uint16">
</PROPERTY>
<PROPERTY NAME="AlertOnStateChange"  PROPAGATED="true" TYPE="boolean">
<VALUE>FALSE</VALUE>
</PROPERTY>
<PROPERTY NAME="LastIndicationIdentifier"  PROPAGATED="true" TYPE="string">
</PROPERTY>
<PROPERTY NAME="LastIndicationProductionDateTime"  PROPAGATED="true" TYPE="datetime">
</PROPERTY>
<PROPERTY NAME="SubscriptionInfo"  PROPAGATED="true" TYPE="string">
</PROPERTY>
<PROPERTY.REFERENCE NAME="Filter"  REFERENCECLASS="CIM_IndicationFilter">
<VALUE.REFERENCE>
<INSTANCENAME CLASSNAME="CIM_IndicationFilter">
<KEYBINDING NAME="CreationClassName">
<KEYVALUE VALUETYPE="string">CIM_IndicationFilter</KEYVALUE>
</KEYBINDING>
<KEYBINDING NAME="Name">
<KEYVALUE VALUETYPE="string">Indication Alert</KEYVALUE>
</KEYBINDING>
<KEYBINDING NAME="SystemCreationClassName">
<KEYVALUE VALUETYPE="string">CIM_ComputerSystem</KEYVALUE>
</KEYBINDING>
<KEYBINDING NAME="SystemName">
<KEYVALUE VALUETYPE="string">SMCloud105.cn.ibm.com</KEYVALUE>
</KEYBINDING>
</INSTANCENAME>
</VALUE.REFERENCE>
</PROPERTY.REFERENCE>
<PROPERTY.REFERENCE NAME="Handler"  REFERENCECLASS="CIM_ListenerDestinationCIMXML">
<VALUE.REFERENCE>
<INSTANCENAME CLASSNAME="CIM_ListenerDestinationCIMXML">
<KEYBINDING NAME="CreationClassName">
<KEYVALUE VALUETYPE="string">CIM_ListenerDestinationCIMXML</KEYVALUE>
</KEYBINDING>
<KEYBINDING NAME="Name">
<KEYVALUE VALUETYPE="string">SNMP</KEYVALUE>
</KEYBINDING>
<KEYBINDING NAME="SystemCreationClassName">
<KEYVALUE VALUETYPE="string">CIM_ComputerSystem</KEYVALUE>
</KEYBINDING>
<KEYBINDING NAME="SystemName">
<KEYVALUE VALUETYPE="string">SMCloud105.cn.ibm.com</KEYVALUE>
</KEYBINDING>
</INSTANCENAME>
</VALUE.REFERENCE>
</PROPERTY.REFERENCE>
<PROPERTY NAME="SubscriptionState"  TYPE="uint16">
<VALUE>2</VALUE>
</PROPERTY>
<PROPERTY NAME="RepeatNotificationPolicy"  TYPE="uint16">
<VALUE>2</VALUE>
</PROPERTY>
<PROPERTY NAME="OnFatalErrorPolicy"  TYPE="uint16">
<VALUE>2</VALUE>
</PROPERTY>
<PROPERTY NAME="TimeOfLastStateChange"  TYPE="datetime">
<VALUE>20120319124837.564591+480</VALUE>
</PROPERTY>
<PROPERTY NAME="SubscriptionStartTime"  TYPE="datetime">
<VALUE>20120319124837.564591+480</VALUE>
</PROPERTY>
</INSTANCE>
</VALUE.NAMEDINSTANCE>
<VALUE.NAMEDINSTANCE>
<INSTANCENAME CLASSNAME="CIM_IndicationSubscription">
<KEYBINDING NAME="Filter">
<VALUE.REFERENCE>
<INSTANCENAME CLASSNAME="CIM_IndicationFilter">
<KEYBINDING NAME="CreationClassName">
<KEYVALUE VALUETYPE="string">CIM_IndicationFilter</KEYVALUE>
</KEYBINDING>
<KEYBINDING NAME="Name">
<KEYVALUE VALUETYPE="string">Indication Alert</KEYVALUE>
</KEYBINDING>
<KEYBINDING NAME="SystemCreationClassName">
<KEYVALUE VALUETYPE="string">CIM_ComputerSystem</KEYVALUE>
</KEYBINDING>
<KEYBINDING NAME="SystemName">
<KEYVALUE VALUETYPE="string">SMCloud105.cn.ibm.com</KEYVALUE>
</KEYBINDING>
</INSTANCENAME>
</VALUE.REFERENCE>
</KEYBINDING>
<KEYBINDING NAME="Handler">
<VALUE.REFERENCE>
<INSTANCENAME CLASSNAME="CIM_ListenerDestinationCIMXML">
<KEYBINDING NAME="CreationClassName">
<KEYVALUE VALUETYPE="string">CIM_ListenerDestinationCIMXML</KEYVALUE>
</KEYBINDING>
<KEYBINDING NAME="Name">
<KEYVALUE VALUETYPE="string">TEC</KEYVALUE>
</KEYBINDING>
<KEYBINDING NAME="SystemCreationClassName">
<KEYVALUE VALUETYPE="string">CIM_ComputerSystem</KEYVALUE>
</KEYBINDING>
<KEYBINDING NAME="SystemName">
<KEYVALUE VALUETYPE="string">SMCloud105.cn.ibm.com</KEYVALUE>
</KEYBINDING>
</INSTANCENAME>
</VALUE.REFERENCE>
</KEYBINDING>
</INSTANCENAME>
<INSTANCE CLASSNAME="CIM_IndicationSubscription" >
<PROPERTY NAME="OtherOnFatalErrorPolicy"  PROPAGATED="true" TYPE="string">
</PROPERTY>
<PROPERTY NAME="FailureTriggerTimeInterval"  PROPAGATED="true" TYPE="uint64">
</PROPERTY>
<PROPERTY NAME="OtherSubscriptionState"  PROPAGATED="true" TYPE="string">
</PROPERTY>
<PROPERTY NAME="SubscriptionDuration"  PROPAGATED="true" TYPE="uint64">
</PROPERTY>
<PROPERTY NAME="SubscriptionTimeRemaining"  PROPAGATED="true" TYPE="uint64">
</PROPERTY>
<PROPERTY NAME="OtherRepeatNotificationPolicy"  PROPAGATED="true" TYPE="string">
</PROPERTY>
<PROPERTY NAME="RepeatNotificationInterval"  PROPAGATED="true" TYPE="uint64">
</PROPERTY>
<PROPERTY NAME="RepeatNotificationGap"  PROPAGATED="true" TYPE="uint64">
</PROPERTY>
<PROPERTY NAME="RepeatNotificationCount"  PROPAGATED="true" TYPE="uint16">
</PROPERTY>
<PROPERTY NAME="AlertOnStateChange"  PROPAGATED="true" TYPE="boolean">
<VALUE>FALSE</VALUE>
</PROPERTY>
<PROPERTY NAME="LastIndicationIdentifier"  PROPAGATED="true" TYPE="string">
</PROPERTY>
<PROPERTY NAME="LastIndicationProductionDateTime"  PROPAGATED="true" TYPE="datetime">
</PROPERTY>
<PROPERTY NAME="SubscriptionInfo"  PROPAGATED="true" TYPE="string">
</PROPERTY>
<PROPERTY.REFERENCE NAME="Filter"  REFERENCECLASS="CIM_IndicationFilter">
<VALUE.REFERENCE>
<INSTANCENAME CLASSNAME="CIM_IndicationFilter">
<KEYBINDING NAME="CreationClassName">
<KEYVALUE VALUETYPE="string">CIM_IndicationFilter</KEYVALUE>
</KEYBINDING>
<KEYBINDING NAME="Name">
<KEYVALUE VALUETYPE="string">Indication Alert</KEYVALUE>
</KEYBINDING>
<KEYBINDING NAME="SystemCreationClassName">
<KEYVALUE VALUETYPE="string">CIM_ComputerSystem</KEYVALUE>
</KEYBINDING>
<KEYBINDING NAME="SystemName">
<KEYVALUE VALUETYPE="string">SMCloud105.cn.ibm.com</KEYVALUE>
</KEYBINDING>
</INSTANCENAME>
</VALUE.REFERENCE>
</PROPERTY.REFERENCE>
<PROPERTY.REFERENCE NAME="Handler"  REFERENCECLASS="CIM_ListenerDestinationCIMXML">
<VALUE.REFERENCE>
<INSTANCENAME CLASSNAME="CIM_ListenerDestinationCIMXML">
<KEYBINDING NAME="CreationClassName">
<KEYVALUE VALUETYPE="string">CIM_ListenerDestinationCIMXML</KEYVALUE>
</KEYBINDING>
<KEYBINDING NAME="Name">
<KEYVALUE VALUETYPE="string">TEC</KEYVALUE>
</KEYBINDING>
<KEYBINDING NAME="SystemCreationClassName">
<KEYVALUE VALUETYPE="string">CIM_ComputerSystem</KEYVALUE>
</KEYBINDING>
<KEYBINDING NAME="SystemName">
<KEYVALUE VALUETYPE="string">SMCloud105.cn.ibm.com</KEYVALUE>
</KEYBINDING>
</INSTANCENAME>
</VALUE.REFERENCE>
</PROPERTY.REFERENCE>
<PROPERTY NAME="SubscriptionState"  TYPE="uint16">
<VALUE>2</VALUE>
</PROPERTY>
<PROPERTY NAME="RepeatNotificationPolicy"  TYPE="uint16">
<VALUE>2</VALUE>
</PROPERTY>
<PROPERTY NAME="OnFatalErrorPolicy"  TYPE="uint16">
<VALUE>2</VALUE>
</PROPERTY>
<PROPERTY NAME="TimeOfLastStateChange"  TYPE="datetime">
<VALUE>20120319124837.608634+480</VALUE>
</PROPERTY>
<PROPERTY NAME="SubscriptionStartTime"  TYPE="datetime">
<VALUE>20120319124837.608634+480</VALUE>
</PROPERTY>
</INSTANCE>
</VALUE.NAMEDINSTANCE>
<VALUE.NAMEDINSTANCE>
<INSTANCENAME CLASSNAME="CIM_IndicationSubscription">
<KEYBINDING NAME="Filter">
<VALUE.REFERENCE>
<INSTANCENAME CLASSNAME="CIM_IndicationFilter">
<KEYBINDING NAME="CreationClassName">
<KEYVALUE VALUETYPE="string">CIM_IndicationFilter</KEYVALUE>
</KEYBINDING>
<KEYBINDING NAME="Name">
<KEYVALUE VALUETYPE="string">Indication Alert</KEYVALUE>
</KEYBINDING>
<KEYBINDING NAME="SystemCreationClassName">
<KEYVALUE VALUETYPE="string">CIM_ComputerSystem</KEYVALUE>
</KEYBINDING>
<KEYBINDING NAME="SystemName">
<KEYVALUE VALUETYPE="string">SMCloud105.cn.ibm.com</KEYVALUE>
</KEYBINDING>
</INSTANCENAME>
</VALUE.REFERENCE>
</KEYBINDING>
<KEYBINDING NAME="Handler">
<VALUE.REFERENCE>
<INSTANCENAME CLASSNAME="CIM_ListenerDestinationCIMXML">
<KEYBINDING NAME="CreationClassName">
<KEYVALUE VALUETYPE="string">CIM_ListenerDestinationCIMXML</KEYVALUE>
</KEYBINDING>
<KEYBINDING NAME="Name">
<KEYVALUE VALUETYPE="string">Log</KEYVALUE>
</KEYBINDING>
<KEYBINDING NAME="SystemCreationClassName">
<KEYVALUE VALUETYPE="string">CIM_ComputerSystem</KEYVALUE>
</KEYBINDING>
<KEYBINDING NAME="SystemName">
<KEYVALUE VALUETYPE="string">SMCloud105.cn.ibm.com</KEYVALUE>
</KEYBINDING>
</INSTANCENAME>
</VALUE.REFERENCE>
</KEYBINDING>
</INSTANCENAME>
<INSTANCE CLASSNAME="CIM_IndicationSubscription" >
<PROPERTY NAME="OtherOnFatalErrorPolicy"  PROPAGATED="true" TYPE="string">
</PROPERTY>
<PROPERTY NAME="FailureTriggerTimeInterval"  PROPAGATED="true" TYPE="uint64">
</PROPERTY>
<PROPERTY NAME="OtherSubscriptionState"  PROPAGATED="true" TYPE="string">
</PROPERTY>
<PROPERTY NAME="SubscriptionDuration"  PROPAGATED="true" TYPE="uint64">
</PROPERTY>
<PROPERTY NAME="SubscriptionTimeRemaining"  PROPAGATED="true" TYPE="uint64">
</PROPERTY>
<PROPERTY NAME="OtherRepeatNotificationPolicy"  PROPAGATED="true" TYPE="string">
</PROPERTY>
<PROPERTY NAME="RepeatNotificationInterval"  PROPAGATED="true" TYPE="uint64">
</PROPERTY>
<PROPERTY NAME="RepeatNotificationGap"  PROPAGATED="true" TYPE="uint64">
</PROPERTY>
<PROPERTY NAME="RepeatNotificationCount"  PROPAGATED="true" TYPE="uint16">
</PROPERTY>
<PROPERTY NAME="AlertOnStateChange"  PROPAGATED="true" TYPE="boolean">
<VALUE>FALSE</VALUE>
</PROPERTY>
<PROPERTY NAME="LastIndicationIdentifier"  PROPAGATED="true" TYPE="string">
</PROPERTY>
<PROPERTY NAME="LastIndicationProductionDateTime"  PROPAGATED="true" TYPE="datetime">
</PROPERTY>
<PROPERTY NAME="SubscriptionInfo"  PROPAGATED="true" TYPE="string">
</PROPERTY>
<PROPERTY.REFERENCE NAME="Filter"  REFERENCECLASS="CIM_IndicationFilter">
<VALUE.REFERENCE>
<INSTANCENAME CLASSNAME="CIM_IndicationFilter">
<KEYBINDING NAME="CreationClassName">
<KEYVALUE VALUETYPE="string">CIM_IndicationFilter</KEYVALUE>
</KEYBINDING>
<KEYBINDING NAME="Name">
<KEYVALUE VALUETYPE="string">Indication Alert</KEYVALUE>
</KEYBINDING>
<KEYBINDING NAME="SystemCreationClassName">
<KEYVALUE VALUETYPE="string">CIM_ComputerSystem</KEYVALUE>
</KEYBINDING>
<KEYBINDING NAME="SystemName">
<KEYVALUE VALUETYPE="string">SMCloud105.cn.ibm.com</KEYVALUE>
</KEYBINDING>
</INSTANCENAME>
</VALUE.REFERENCE>
</PROPERTY.REFERENCE>
<PROPERTY.REFERENCE NAME="Handler"  REFERENCECLASS="CIM_ListenerDestinationCIMXML">
<VALUE.REFERENCE>
<INSTANCENAME CLASSNAME="CIM_ListenerDestinationCIMXML">
<KEYBINDING NAME="CreationClassName">
<KEYVALUE VALUETYPE="string">CIM_ListenerDestinationCIMXML</KEYVALUE>
</KEYBINDING>
<KEYBINDING NAME="Name">
<KEYVALUE VALUETYPE="string">Log</KEYVALUE>
</KEYBINDING>
<KEYBINDING NAME="SystemCreationClassName">
<KEYVALUE VALUETYPE="string">CIM_ComputerSystem</KEYVALUE>
</KEYBINDING>
<KEYBINDING NAME="SystemName">
<KEYVALUE VALUETYPE="string">SMCloud105.cn.ibm.com</KEYVALUE>
</KEYBINDING>
</INSTANCENAME>
</VALUE.REFERENCE>
</PROPERTY.REFERENCE>
<PROPERTY NAME="SubscriptionState"  TYPE="uint16">
<VALUE>2</VALUE>
</PROPERTY>
<PROPERTY NAME="RepeatNotificationPolicy"  TYPE="uint16">
<VALUE>2</VALUE>
</PROPERTY>
<PROPERTY NAME="OnFatalErrorPolicy"  TYPE="uint16">
<VALUE>2</VALUE>
</PROPERTY>
<PROPERTY NAME="TimeOfLastStateChange"  TYPE="datetime">
<VALUE>20120319124837.650228+480</VALUE>
</PROPERTY>
<PROPERTY NAME="SubscriptionStartTime"  TYPE="datetime">
<VALUE>20120319124837.650228+480</VALUE>
</PROPERTY>
</INSTANCE>
</VALUE.NAMEDINSTANCE>
<VALUE.NAMEDINSTANCE>
<INSTANCENAME CLASSNAME="CIM_IndicationSubscription">
<KEYBINDING NAME="Filter">
<VALUE.REFERENCE>
<INSTANCENAME CLASSNAME="CIM_IndicationFilter">
<KEYBINDING NAME="CreationClassName">
<KEYVALUE VALUETYPE="string">CIM_IndicationFilter</KEYVALUE>
</KEYBINDING>
<KEYBINDING NAME="Name">
<KEYVALUE VALUETYPE="string">Indication Alert</KEYVALUE>
</KEYBINDING>
<KEYBINDING NAME="SystemCreationClassName">
<KEYVALUE VALUETYPE="string">CIM_ComputerSystem</KEYVALUE>
</KEYBINDING>
<KEYBINDING NAME="SystemName">
<KEYVALUE VALUETYPE="string">SMCloud105.cn.ibm.com</KEYVALUE>
</KEYBINDING>
</INSTANCENAME>
</VALUE.REFERENCE>
</KEYBINDING>
<KEYBINDING NAME="Handler">
<VALUE.REFERENCE>
<INSTANCENAME CLASSNAME="CIM_ListenerDestinationCIMXML">
<KEYBINDING NAME="CreationClassName">
<KEYVALUE VALUETYPE="string">CIM_ListenerDestinationCIMXML</KEYVALUE>
</KEYBINDING>
<KEYBINDING NAME="Name">
<KEYVALUE VALUETYPE="string">Email</KEYVALUE>
</KEYBINDING>
<KEYBINDING NAME="SystemCreationClassName">
<KEYVALUE VALUETYPE="string">CIM_ComputerSystem</KEYVALUE>
</KEYBINDING>
<KEYBINDING NAME="SystemName">
<KEYVALUE VALUETYPE="string">SMCloud105.cn.ibm.com</KEYVALUE>
</KEYBINDING>
</INSTANCENAME>
</VALUE.REFERENCE>
</KEYBINDING>
</INSTANCENAME>
<INSTANCE CLASSNAME="CIM_IndicationSubscription" >
<PROPERTY NAME="OtherOnFatalErrorPolicy"  PROPAGATED="true" TYPE="string">
</PROPERTY>
<PROPERTY NAME="FailureTriggerTimeInterval"  PROPAGATED="true" TYPE="uint64">
</PROPERTY>
<PROPERTY NAME="OtherSubscriptionState"  PROPAGATED="true" TYPE="string">
</PROPERTY>
<PROPERTY NAME="SubscriptionDuration"  PROPAGATED="true" TYPE="uint64">
</PROPERTY>
<PROPERTY NAME="SubscriptionTimeRemaining"  PROPAGATED="true" TYPE="uint64">
</PROPERTY>
<PROPERTY NAME="OtherRepeatNotificationPolicy"  PROPAGATED="true" TYPE="string">
</PROPERTY>
<PROPERTY NAME="RepeatNotificationInterval"  PROPAGATED="true" TYPE="uint64">
</PROPERTY>
<PROPERTY NAME="RepeatNotificationGap"  PROPAGATED="true" TYPE="uint64">
</PROPERTY>
<PROPERTY NAME="RepeatNotificationCount"  PROPAGATED="true" TYPE="uint16">
</PROPERTY>
<PROPERTY NAME="AlertOnStateChange"  PROPAGATED="true" TYPE="boolean">
<VALUE>FALSE</VALUE>
</PROPERTY>
<PROPERTY NAME="LastIndicationIdentifier"  PROPAGATED="true" TYPE="string">
</PROPERTY>
<PROPERTY NAME="LastIndicationProductionDateTime"  PROPAGATED="true" TYPE="datetime">
</PROPERTY>
<PROPERTY NAME="SubscriptionInfo"  PROPAGATED="true" TYPE="string">
</PROPERTY>
<PROPERTY.REFERENCE NAME="Filter"  REFERENCECLASS="CIM_IndicationFilter">
<VALUE.REFERENCE>
<INSTANCENAME CLASSNAME="CIM_IndicationFilter">
<KEYBINDING NAME="CreationClassName">
<KEYVALUE VALUETYPE="string">CIM_IndicationFilter</KEYVALUE>
</KEYBINDING>
<KEYBINDING NAME="Name">
<KEYVALUE VALUETYPE="string">Indication Alert</KEYVALUE>
</KEYBINDING>
<KEYBINDING NAME="SystemCreationClassName">
<KEYVALUE VALUETYPE="string">CIM_ComputerSystem</KEYVALUE>
</KEYBINDING>
<KEYBINDING NAME="SystemName">
<KEYVALUE VALUETYPE="string">SMCloud105.cn.ibm.com</KEYVALUE>
</KEYBINDING>
</INSTANCENAME>
</VALUE.REFERENCE>
</PROPERTY.REFERENCE>
<PROPERTY.REFERENCE NAME="Handler"  REFERENCECLASS="CIM_ListenerDestinationCIMXML">
<VALUE.REFERENCE>
<INSTANCENAME CLASSNAME="CIM_ListenerDestinationCIMXML">
<KEYBINDING NAME="CreationClassName">
<KEYVALUE VALUETYPE="string">CIM_ListenerDestinationCIMXML</KEYVALUE>
</KEYBINDING>
<KEYBINDING NAME="Name">
<KEYVALUE VALUETYPE="string">Email</KEYVALUE>
</KEYBINDING>
<KEYBINDING NAME="SystemCreationClassName">
<KEYVALUE VALUETYPE="string">CIM_ComputerSystem</KEYVALUE>
</KEYBINDING>
<KEYBINDING NAME="SystemName">
<KEYVALUE VALUETYPE="string">SMCloud105.cn.ibm.com</KEYVALUE>
</KEYBINDING>
</INSTANCENAME>
</VALUE.REFERENCE>
</PROPERTY.REFERENCE>
<PROPERTY NAME="SubscriptionState"  TYPE="uint16">
<VALUE>2</VALUE>
</PROPERTY>
<PROPERTY NAME="RepeatNotificationPolicy"  TYPE="uint16">
<VALUE>2</VALUE>
</PROPERTY>
<PROPERTY NAME="OnFatalErrorPolicy"  TYPE="uint16">
<VALUE>2</VALUE>
</PROPERTY>
<PROPERTY NAME="TimeOfLastStateChange"  TYPE="datetime">
<VALUE>20120319124837.691491+480</VALUE>
</PROPERTY>
<PROPERTY NAME="SubscriptionStartTime"  TYPE="datetime">
<VALUE>20120319124837.691491+480</VALUE>
</PROPERTY>
</INSTANCE>
</VALUE.NAMEDINSTANCE>
<VALUE.NAMEDINSTANCE>
<INSTANCENAME CLASSNAME="CIM_IndicationSubscription">
<KEYBINDING NAME="Filter">
<VALUE.REFERENCE>
<LOCALINSTANCEPATH>
<LOCALNAMESPACEPATH>
<NAMESPACE NAME="root"/>
<NAMESPACE NAME="aristos"/>
</LOCALNAMESPACEPATH>
<INSTANCENAME CLASSNAME="CIM_IndicationFilter">
<KEYBINDING NAME="CreationClassName">
<KEYVALUE VALUETYPE="string">CIM_IndicationFilter</KEYVALUE>
</KEYBINDING>
<KEYBINDING NAME="Name">
<KEYVALUE VALUETYPE="string">Indication Alert</KEYVALUE>
</KEYBINDING>
<KEYBINDING NAME="SystemCreationClassName">
<KEYVALUE VALUETYPE="string">CIM_ComputerSystem</KEYVALUE>
</KEYBINDING>
<KEYBINDING NAME="SystemName">
<KEYVALUE VALUETYPE="string">SMCloud105.cn.ibm.com</KEYVALUE>
</KEYBINDING>
</INSTANCENAME>
</LOCALINSTANCEPATH>
</VALUE.REFERENCE>
</KEYBINDING>
<KEYBINDING NAME="Handler">
<VALUE.REFERENCE>
<LOCALINSTANCEPATH>
<LOCALNAMESPACEPATH>
<NAMESPACE NAME="root"/>
<NAMESPACE NAME="aristos"/>
</LOCALNAMESPACEPATH>
<INSTANCENAME CLASSNAME="CIM_ListenerDestinationCIMXML">
<KEYBINDING NAME="CreationClassName">
<KEYVALUE VALUETYPE="string">CIM_ListenerDestinationCIMXML</KEYVALUE>
</KEYBINDING>
<KEYBINDING NAME="Name">
<KEYVALUE VALUETYPE="string">IBM:7fb7e2866a741f58:192.168.122.1:root/aristos</KEYVALUE>
</KEYBINDING>
<KEYBINDING NAME="SystemCreationClassName">
<KEYVALUE VALUETYPE="string">CIM_ComputerSystem</KEYVALUE>
</KEYBINDING>
<KEYBINDING NAME="SystemName">
<KEYVALUE VALUETYPE="string">SMCloud105.cn.ibm.com</KEYVALUE>
</KEYBINDING>
</INSTANCENAME>
</LOCALINSTANCEPATH>
</VALUE.REFERENCE>
</KEYBINDING>
</INSTANCENAME>
<INSTANCE CLASSNAME="CIM_IndicationSubscription" >
<PROPERTY NAME="OtherOnFatalErrorPolicy"  PROPAGATED="true" TYPE="string">
</PROPERTY>
<PROPERTY NAME="FailureTriggerTimeInterval"  PROPAGATED="true" TYPE="uint64">
</PROPERTY>
<PROPERTY NAME="OtherSubscriptionState"  PROPAGATED="true" TYPE="string">
</PROPERTY>
<PROPERTY NAME="SubscriptionDuration"  PROPAGATED="true" TYPE="uint64">
</PROPERTY>
<PROPERTY NAME="SubscriptionTimeRemaining"  PROPAGATED="true" TYPE="uint64">
</PROPERTY>
<PROPERTY NAME="OtherRepeatNotificationPolicy"  PROPAGATED="true" TYPE="string">
</PROPERTY>
<PROPERTY NAME="RepeatNotificationInterval"  PROPAGATED="true" TYPE="uint64">
</PROPERTY>
<PROPERTY NAME="RepeatNotificationGap"  PROPAGATED="true" TYPE="uint64">
</PROPERTY>
<PROPERTY NAME="RepeatNotificationCount"  PROPAGATED="true" TYPE="uint16">
</PROPERTY>
<PROPERTY NAME="AlertOnStateChange"  PROPAGATED="true" TYPE="boolean">
<VALUE>FALSE</VALUE>
</PROPERTY>
<PROPERTY NAME="LastIndicationIdentifier"  PROPAGATED="true" TYPE="string">
</PROPERTY>
<PROPERTY NAME="LastIndicationProductionDateTime"  PROPAGATED="true" TYPE="datetime">
</PROPERTY>
<PROPERTY NAME="SubscriptionInfo"  PROPAGATED="true" TYPE="string">
</PROPERTY>
<PROPERTY.REFERENCE NAME="Filter"  REFERENCECLASS="CIM_IndicationFilter">
<VALUE.REFERENCE>
<LOCALINSTANCEPATH>
<LOCALNAMESPACEPATH>
<NAMESPACE NAME="root"/>
<NAMESPACE NAME="aristos"/>
</LOCALNAMESPACEPATH>
<INSTANCENAME CLASSNAME="CIM_IndicationFilter">
<KEYBINDING NAME="CreationClassName">
<KEYVALUE VALUETYPE="string">CIM_IndicationFilter</KEYVALUE>
</KEYBINDING>
<KEYBINDING NAME="Name">
<KEYVALUE VALUETYPE="string">Indication Alert</KEYVALUE>
</KEYBINDING>
<KEYBINDING NAME="SystemCreationClassName">
<KEYVALUE VALUETYPE="string">CIM_ComputerSystem</KEYVALUE>
</KEYBINDING>
<KEYBINDING NAME="SystemName">
<KEYVALUE VALUETYPE="string">SMCloud105.cn.ibm.com</KEYVALUE>
</KEYBINDING>
</INSTANCENAME>
</LOCALINSTANCEPATH>
</VALUE.REFERENCE>
</PROPERTY.REFERENCE>
<PROPERTY.REFERENCE NAME="Handler"  REFERENCECLASS="CIM_ListenerDestinationCIMXML">
<VALUE.REFERENCE>
<LOCALINSTANCEPATH>
<LOCALNAMESPACEPATH>
<NAMESPACE NAME="root"/>
<NAMESPACE NAME="aristos"/>
</LOCALNAMESPACEPATH>
<INSTANCENAME CLASSNAME="CIM_ListenerDestinationCIMXML">
<KEYBINDING NAME="CreationClassName">
<KEYVALUE VALUETYPE="string">CIM_ListenerDestinationCIMXML</KEYVALUE>
</KEYBINDING>
<KEYBINDING NAME="Name">
<KEYVALUE VALUETYPE="string">IBM:7fb7e2866a741f58:192.168.122.1:root/aristos</KEYVALUE>
</KEYBINDING>
<KEYBINDING NAME="SystemCreationClassName">
<KEYVALUE VALUETYPE="string">CIM_ComputerSystem</KEYVALUE>
</KEYBINDING>
<KEYBINDING NAME="SystemName">
<KEYVALUE VALUETYPE="string">SMCloud105.cn.ibm.com</KEYVALUE>
</KEYBINDING>
</INSTANCENAME>
</LOCALINSTANCEPATH>
</VALUE.REFERENCE>
</PROPERTY.REFERENCE>
<PROPERTY NAME="SubscriptionState"  TYPE="uint16">
<VALUE>2</VALUE>
</PROPERTY>
<PROPERTY NAME="RepeatNotificationPolicy"  TYPE="uint16">
<VALUE>2</VALUE>
</PROPERTY>
<PROPERTY NAME="OnFatalErrorPolicy"  TYPE="uint16">
<VALUE>2</VALUE>
</PROPERTY>
<PROPERTY NAME="TimeOfLastStateChange"  TYPE="datetime">
<VALUE>20120319132753.523617+480</VALUE>
</PROPERTY>
<PROPERTY NAME="SubscriptionStartTime"  TYPE="datetime">
<VALUE>20120319132753.523617+480</VALUE>
</PROPERTY>
</INSTANCE>
</VALUE.NAMEDINSTANCE>
<VALUE.NAMEDINSTANCE>
<INSTANCENAME CLASSNAME="CIM_IndicationSubscription">
<KEYBINDING NAME="Filter">
<VALUE.REFERENCE>
<LOCALINSTANCEPATH>
<LOCALNAMESPACEPATH>
<NAMESPACE NAME="root"/>
<NAMESPACE NAME="aristos"/>
</LOCALNAMESPACEPATH>
<INSTANCENAME CLASSNAME="CIM_IndicationFilter">
<KEYBINDING NAME="CreationClassName">
<KEYVALUE VALUETYPE="string">CIM_IndicationFilter</KEYVALUE>
</KEYBINDING>
<KEYBINDING NAME="Name">
<KEYVALUE VALUETYPE="string">PCL_Cache_Event</KEYVALUE>
</KEYBINDING>
<KEYBINDING NAME="SystemCreationClassName">
<KEYVALUE VALUETYPE="string">CIM_ComputerSystem</KEYVALUE>
</KEYBINDING>
<KEYBINDING NAME="SystemName">
<KEYVALUE VALUETYPE="string">SMCloud105.cn.ibm.com</KEYVALUE>
</KEYBINDING>
</INSTANCENAME>
</LOCALINSTANCEPATH>
</VALUE.REFERENCE>
</KEYBINDING>
<KEYBINDING NAME="Handler">
<VALUE.REFERENCE>
<LOCALINSTANCEPATH>
<LOCALNAMESPACEPATH>
<NAMESPACE NAME="root"/>
<NAMESPACE NAME="aristos"/>
</LOCALNAMESPACEPATH>
<INSTANCENAME CLASSNAME="CIM_ListenerDestinationCIMXML">
<KEYBINDING NAME="CreationClassName">
<KEYVALUE VALUETYPE="string">CIM_ListenerDestinationCIMXML</KEYVALUE>
</KEYBINDING>
<KEYBINDING NAME="Name">
<KEYVALUE VALUETYPE="string">http://192.168.122.1:10000/306545457</KEYVALUE>
</KEYBINDING>
<KEYBINDING NAME="SystemCreationClassName">
<KEYVALUE VALUETYPE="string">CIM_ComputerSystem</KEYVALUE>
</KEYBINDING>
<KEYBINDING NAME="SystemName">
<KEYVALUE VALUETYPE="string">SMCloud105.cn.ibm.com</KEYVALUE>
</KEYBINDING>
</INSTANCENAME>
</LOCALINSTANCEPATH>
</VALUE.REFERENCE>
</KEYBINDING>
</INSTANCENAME>
<INSTANCE CLASSNAME="CIM_IndicationSubscription" >
<PROPERTY NAME="OtherOnFatalErrorPolicy"  PROPAGATED="true" TYPE="string">
</PROPERTY>
<PROPERTY NAME="FailureTriggerTimeInterval"  PROPAGATED="true" TYPE="uint64">
</PROPERTY>
<PROPERTY NAME="OtherSubscriptionState"  PROPAGATED="true" TYPE="string">
</PROPERTY>
<PROPERTY NAME="SubscriptionDuration"  PROPAGATED="true" TYPE="uint64">
</PROPERTY>
<PROPERTY NAME="SubscriptionTimeRemaining"  PROPAGATED="true" TYPE="uint64">
</PROPERTY>
<PROPERTY NAME="OtherRepeatNotificationPolicy"  PROPAGATED="true" TYPE="string">
</PROPERTY>
<PROPERTY NAME="RepeatNotificationInterval"  PROPAGATED="true" TYPE="uint64">
</PROPERTY>
<PROPERTY NAME="RepeatNotificationGap"  PROPAGATED="true" TYPE="uint64">
</PROPERTY>
<PROPERTY NAME="RepeatNotificationCount"  PROPAGATED="true" TYPE="uint16">
</PROPERTY>
<PROPERTY NAME="AlertOnStateChange"  PROPAGATED="true" TYPE="boolean">
<VALUE>FALSE</VALUE>
</PROPERTY>
<PROPERTY NAME="LastIndicationIdentifier"  PROPAGATED="true" TYPE="string">
</PROPERTY>
<PROPERTY NAME="LastIndicationProductionDateTime"  PROPAGATED="true" TYPE="datetime">
</PROPERTY>
<PROPERTY NAME="SubscriptionInfo"  PROPAGATED="true" TYPE="string">
</PROPERTY>
<PROPERTY.REFERENCE NAME="Filter"  REFERENCECLASS="CIM_IndicationFilter">
<VALUE.REFERENCE>
<LOCALINSTANCEPATH>
<LOCALNAMESPACEPATH>
<NAMESPACE NAME="root"/>
<NAMESPACE NAME="aristos"/>
</LOCALNAMESPACEPATH>
<INSTANCENAME CLASSNAME="CIM_IndicationFilter">
<KEYBINDING NAME="CreationClassName">
<KEYVALUE VALUETYPE="string">CIM_IndicationFilter</KEYVALUE>
</KEYBINDING>
<KEYBINDING NAME="Name">
<KEYVALUE VALUETYPE="string">PCL_Cache_Event</KEYVALUE>
</KEYBINDING>
<KEYBINDING NAME="SystemCreationClassName">
<KEYVALUE VALUETYPE="string">CIM_ComputerSystem</KEYVALUE>
</KEYBINDING>
<KEYBINDING NAME="SystemName">
<KEYVALUE VALUETYPE="string">SMCloud105.cn.ibm.com</KEYVALUE>
</KEYBINDING>
</INSTANCENAME>
</LOCALINSTANCEPATH>
</VALUE.REFERENCE>
</PROPERTY.REFERENCE>
<PROPERTY.REFERENCE NAME="Handler"  REFERENCECLASS="CIM_ListenerDestinationCIMXML">
<VALUE.REFERENCE>
<LOCALINSTANCEPATH>
<LOCALNAMESPACEPATH>
<NAMESPACE NAME="root"/>
<NAMESPACE NAME="aristos"/>
</LOCALNAMESPACEPATH>
<INSTANCENAME CLASSNAME="CIM_ListenerDestinationCIMXML">
<KEYBINDING NAME="CreationClassName">
<KEYVALUE VALUETYPE="string">CIM_ListenerDestinationCIMXML</KEYVALUE>
</KEYBINDING>
<KEYBINDING NAME="Name">
<KEYVALUE VALUETYPE="string">http://192.168.122.1:10000/306545457</KEYVALUE>
</KEYBINDING>
<KEYBINDING NAME="SystemCreationClassName">
<KEYVALUE VALUETYPE="string">CIM_ComputerSystem</KEYVALUE>
</KEYBINDING>
<KEYBINDING NAME="SystemName">
<KEYVALUE VALUETYPE="string">SMCloud105.cn.ibm.com</KEYVALUE>
</KEYBINDING>
</INSTANCENAME>
</LOCALINSTANCEPATH>
</VALUE.REFERENCE>
</PROPERTY.REFERENCE>
<PROPERTY NAME="SubscriptionState"  TYPE="uint16">
<VALUE>2</VALUE>
</PROPERTY>
<PROPERTY NAME="RepeatNotificationPolicy"  TYPE="uint16">
<VALUE>2</VALUE>
</PROPERTY>
<PROPERTY NAME="OnFatalErrorPolicy"  TYPE="uint16">
<VALUE>2</VALUE>
</PROPERTY>
<PROPERTY NAME="TimeOfLastStateChange"  TYPE="datetime">
<VALUE>20120319134510.850845+480</VALUE>
</PROPERTY>
<PROPERTY NAME="SubscriptionStartTime"  TYPE="datetime">
<VALUE>20120319134510.850845+480</VALUE>
</PROPERTY>
</INSTANCE>
</VALUE.NAMEDINSTANCE>
<VALUE.NAMEDINSTANCE>
<INSTANCENAME CLASSNAME="CIM_IndicationSubscription">
<KEYBINDING NAME="Filter">
<VALUE.REFERENCE>
<LOCALINSTANCEPATH>
<LOCALNAMESPACEPATH>
<NAMESPACE NAME="root"/>
<NAMESPACE NAME="aristos"/>
</LOCALNAMESPACEPATH>
<INSTANCENAME CLASSNAME="CIM_IndicationFilter">
<KEYBINDING NAME="CreationClassName">
<KEYVALUE VALUETYPE="string">CIM_IndicationFilter</KEYVALUE>
</KEYBINDING>
<KEYBINDING NAME="Name">
<KEYVALUE VALUETYPE="string">PCL_Cache_Event</KEYVALUE>
</KEYBINDING>
<KEYBINDING NAME="SystemCreationClassName">
<KEYVALUE VALUETYPE="string">CIM_ComputerSystem</KEYVALUE>
</KEYBINDING>
<KEYBINDING NAME="SystemName">
<KEYVALUE VALUETYPE="string">SMCloud105.cn.ibm.com</KEYVALUE>
</KEYBINDING>
</INSTANCENAME>
</LOCALINSTANCEPATH>
</VALUE.REFERENCE>
</KEYBINDING>
<KEYBINDING NAME="Handler">
<VALUE.REFERENCE>
<LOCALINSTANCEPATH>
<LOCALNAMESPACEPATH>
<NAMESPACE NAME="root"/>
<NAMESPACE NAME="aristos"/>
</LOCALNAMESPACEPATH>
<INSTANCENAME CLASSNAME="CIM_ListenerDestinationCIMXML">
<KEYBINDING NAME="CreationClassName">
<KEYVALUE VALUETYPE="string">CIM_ListenerDestinationCIMXML</KEYVALUE>
</KEYBINDING>
<KEYBINDING NAME="Name">
<KEYVALUE VALUETYPE="string">http://10.12.205.151:10000/863449975</KEYVALUE>
</KEYBINDING>
<KEYBINDING NAME="SystemCreationClassName">
<KEYVALUE VALUETYPE="string">CIM_ComputerSystem</KEYVALUE>
</KEYBINDING>
<KEYBINDING NAME="SystemName">
<KEYVALUE VALUETYPE="string">SMCloud105.cn.ibm.com</KEYVALUE>
</KEYBINDING>
</INSTANCENAME>
</LOCALINSTANCEPATH>
</VALUE.REFERENCE>
</KEYBINDING>
</INSTANCENAME>
<INSTANCE CLASSNAME="CIM_IndicationSubscription" >
<PROPERTY NAME="OtherOnFatalErrorPolicy"  PROPAGATED="true" TYPE="string">
</PROPERTY>
<PROPERTY NAME="FailureTriggerTimeInterval"  PROPAGATED="true" TYPE="uint64">
</PROPERTY>
<PROPERTY NAME="OtherSubscriptionState"  PROPAGATED="true" TYPE="string">
</PROPERTY>
<PROPERTY NAME="SubscriptionDuration"  PROPAGATED="true" TYPE="uint64">
</PROPERTY>
<PROPERTY NAME="SubscriptionTimeRemaining"  PROPAGATED="true" TYPE="uint64">
</PROPERTY>
<PROPERTY NAME="OtherRepeatNotificationPolicy"  PROPAGATED="true" TYPE="string">
</PROPERTY>
<PROPERTY NAME="RepeatNotificationInterval"  PROPAGATED="true" TYPE="uint64">
</PROPERTY>
<PROPERTY NAME="RepeatNotificationGap"  PROPAGATED="true" TYPE="uint64">
</PROPERTY>
<PROPERTY NAME="RepeatNotificationCount"  PROPAGATED="true" TYPE="uint16">
</PROPERTY>
<PROPERTY NAME="AlertOnStateChange"  PROPAGATED="true" TYPE="boolean">
<VALUE>FALSE</VALUE>
</PROPERTY>
<PROPERTY NAME="LastIndicationIdentifier"  PROPAGATED="true" TYPE="string">
</PROPERTY>
<PROPERTY NAME="LastIndicationProductionDateTime"  PROPAGATED="true" TYPE="datetime">
</PROPERTY>
<PROPERTY NAME="SubscriptionInfo"  PROPAGATED="true" TYPE="string">
</PROPERTY>
<PROPERTY.REFERENCE NAME="Filter"  REFERENCECLASS="CIM_IndicationFilter">
<VALUE.REFERENCE>
<LOCALINSTANCEPATH>
<LOCALNAMESPACEPATH>
<NAMESPACE NAME="root"/>
<NAMESPACE NAME="aristos"/>
</LOCALNAMESPACEPATH>
<INSTANCENAME CLASSNAME="CIM_IndicationFilter">
<KEYBINDING NAME="CreationClassName">
<KEYVALUE VALUETYPE="string">CIM_IndicationFilter</KEYVALUE>
</KEYBINDING>
<KEYBINDING NAME="Name">
<KEYVALUE VALUETYPE="string">PCL_Cache_Event</KEYVALUE>
</KEYBINDING>
<KEYBINDING NAME="SystemCreationClassName">
<KEYVALUE VALUETYPE="string">CIM_ComputerSystem</KEYVALUE>
</KEYBINDING>
<KEYBINDING NAME="SystemName">
<KEYVALUE VALUETYPE="string">SMCloud105.cn.ibm.com</KEYVALUE>
</KEYBINDING>
</INSTANCENAME>
</LOCALINSTANCEPATH>
</VALUE.REFERENCE>
</PROPERTY.REFERENCE>
<PROPERTY.REFERENCE NAME="Handler"  REFERENCECLASS="CIM_ListenerDestinationCIMXML">
<VALUE.REFERENCE>
<LOCALINSTANCEPATH>
<LOCALNAMESPACEPATH>
<NAMESPACE NAME="root"/>
<NAMESPACE NAME="aristos"/>
</LOCALNAMESPACEPATH>
<INSTANCENAME CLASSNAME="CIM_ListenerDestinationCIMXML">
<KEYBINDING NAME="CreationClassName">
<KEYVALUE VALUETYPE="string">CIM_ListenerDestinationCIMXML</KEYVALUE>
</KEYBINDING>
<KEYBINDING NAME="Name">
<KEYVALUE VALUETYPE="string">http://10.12.205.151:10000/863449975</KEYVALUE>
</KEYBINDING>
<KEYBINDING NAME="SystemCreationClassName">
<KEYVALUE VALUETYPE="string">CIM_ComputerSystem</KEYVALUE>
</KEYBINDING>
<KEYBINDING NAME="SystemName">
<KEYVALUE VALUETYPE="string">SMCloud105.cn.ibm.com</KEYVALUE>
</KEYBINDING>
</INSTANCENAME>
</LOCALINSTANCEPATH>
</VALUE.REFERENCE>
</PROPERTY.REFERENCE>
<PROPERTY NAME="SubscriptionState"  TYPE="uint16">
<VALUE>2</VALUE>
</PROPERTY>
<PROPERTY NAME="RepeatNotificationPolicy"  TYPE="uint16">
<VALUE>2</VALUE>
</PROPERTY>
<PROPERTY NAME="OnFatalErrorPolicy"  TYPE="uint16">
<VALUE>2</VALUE>
</PROPERTY>
<PROPERTY NAME="TimeOfLastStateChange"  TYPE="datetime">
<VALUE>20120321141137.741188+480</VALUE>
</PROPERTY>
<PROPERTY NAME="SubscriptionStartTime"  TYPE="datetime">
<VALUE>20120321141137.741188+480</VALUE>
</PROPERTY>
</INSTANCE>
</VALUE.NAMEDINSTANCE>
<VALUE.NAMEDINSTANCE>
<INSTANCENAME CLASSNAME="CIM_IndicationSubscription">
<KEYBINDING NAME="Filter">
<VALUE.REFERENCE>
<LOCALINSTANCEPATH>
<LOCALNAMESPACEPATH>
<NAMESPACE NAME="root"/>
<NAMESPACE NAME="aristos"/>
</LOCALNAMESPACEPATH>
<INSTANCENAME CLASSNAME="CIM_IndicationFilter">
<KEYBINDING NAME="CreationClassName">
<KEYVALUE VALUETYPE="string">CIM_IndicationFilter</KEYVALUE>
</KEYBINDING>
<KEYBINDING NAME="Name">
<KEYVALUE VALUETYPE="string">PCL_Alert_Event</KEYVALUE>
</KEYBINDING>
<KEYBINDING NAME="SystemCreationClassName">
<KEYVALUE VALUETYPE="string">CIM_ComputerSystem</KEYVALUE>
</KEYBINDING>
<KEYBINDING NAME="SystemName">
<KEYVALUE VALUETYPE="string">SMCloud105.cn.ibm.com</KEYVALUE>
</KEYBINDING>
</INSTANCENAME>
</LOCALINSTANCEPATH>
</VALUE.REFERENCE>
</KEYBINDING>
<KEYBINDING NAME="Handler">
<VALUE.REFERENCE>
<LOCALINSTANCEPATH>
<LOCALNAMESPACEPATH>
<NAMESPACE NAME="root"/>
<NAMESPACE NAME="aristos"/>
</LOCALNAMESPACEPATH>
<INSTANCENAME CLASSNAME="CIM_ListenerDestinationCIMXML">
<KEYBINDING NAME="CreationClassName">
<KEYVALUE VALUETYPE="string">CIM_ListenerDestinationCIMXML</KEYVALUE>
</KEYBINDING>
<KEYBINDING NAME="Name">
<KEYVALUE VALUETYPE="string">http://10.12.205.151:10000/1213729163</KEYVALUE>
</KEYBINDING>
<KEYBINDING NAME="SystemCreationClassName">
<KEYVALUE VALUETYPE="string">CIM_ComputerSystem</KEYVALUE>
</KEYBINDING>
<KEYBINDING NAME="SystemName">
<KEYVALUE VALUETYPE="string">SMCloud105.cn.ibm.com</KEYVALUE>
</KEYBINDING>
</INSTANCENAME>
</LOCALINSTANCEPATH>
</VALUE.REFERENCE>
</KEYBINDING>
</INSTANCENAME>
<INSTANCE CLASSNAME="CIM_IndicationSubscription" >
<PROPERTY NAME="OtherOnFatalErrorPolicy"  PROPAGATED="true" TYPE="string">
</PROPERTY>
<PROPERTY NAME="FailureTriggerTimeInterval"  PROPAGATED="true" TYPE="uint64">
</PROPERTY>
<PROPERTY NAME="OtherSubscriptionState"  PROPAGATED="true" TYPE="string">
</PROPERTY>
<PROPERTY NAME="SubscriptionDuration"  PROPAGATED="true" TYPE="uint64">
</PROPERTY>
<PROPERTY NAME="SubscriptionTimeRemaining"  PROPAGATED="true" TYPE="uint64">
</PROPERTY>
<PROPERTY NAME="OtherRepeatNotificationPolicy"  PROPAGATED="true" TYPE="string">
</PROPERTY>
<PROPERTY NAME="RepeatNotificationInterval"  PROPAGATED="true" TYPE="uint64">
</PROPERTY>
<PROPERTY NAME="RepeatNotificationGap"  PROPAGATED="true" TYPE="uint64">
</PROPERTY>
<PROPERTY NAME="RepeatNotificationCount"  PROPAGATED="true" TYPE="uint16">
</PROPERTY>
<PROPERTY NAME="AlertOnStateChange"  PROPAGATED="true" TYPE="boolean">
<VALUE>FALSE</VALUE>
</PROPERTY>
<PROPERTY NAME="LastIndicationIdentifier"  PROPAGATED="true" TYPE="string">
</PROPERTY>
<PROPERTY NAME="LastIndicationProductionDateTime"  PROPAGATED="true" TYPE="datetime">
</PROPERTY>
<PROPERTY NAME="SubscriptionInfo"  PROPAGATED="true" TYPE="string">
</PROPERTY>
<PROPERTY.REFERENCE NAME="Filter"  REFERENCECLASS="CIM_IndicationFilter">
<VALUE.REFERENCE>
<LOCALINSTANCEPATH>
<LOCALNAMESPACEPATH>
<NAMESPACE NAME="root"/>
<NAMESPACE NAME="aristos"/>
</LOCALNAMESPACEPATH>
<INSTANCENAME CLASSNAME="CIM_IndicationFilter">
<KEYBINDING NAME="CreationClassName">
<KEYVALUE VALUETYPE="string">CIM_IndicationFilter</KEYVALUE>
</KEYBINDING>
<KEYBINDING NAME="Name">
<KEYVALUE VALUETYPE="string">PCL_Alert_Event</KEYVALUE>
</KEYBINDING>
<KEYBINDING NAME="SystemCreationClassName">
<KEYVALUE VALUETYPE="string">CIM_ComputerSystem</KEYVALUE>
</KEYBINDING>
<KEYBINDING NAME="SystemName">
<KEYVALUE VALUETYPE="string">SMCloud105.cn.ibm.com</KEYVALUE>
</KEYBINDING>
</INSTANCENAME>
</LOCALINSTANCEPATH>
</VALUE.REFERENCE>
</PROPERTY.REFERENCE>
<PROPERTY.REFERENCE NAME="Handler"  REFERENCECLASS="CIM_ListenerDestinationCIMXML">
<VALUE.REFERENCE>
<LOCALINSTANCEPATH>
<LOCALNAMESPACEPATH>
<NAMESPACE NAME="root"/>
<NAMESPACE NAME="aristos"/>
</LOCALNAMESPACEPATH>
<INSTANCENAME CLASSNAME="CIM_ListenerDestinationCIMXML">
<KEYBINDING NAME="CreationClassName">
<KEYVALUE VALUETYPE="string">CIM_ListenerDestinationCIMXML</KEYVALUE>
</KEYBINDING>
<KEYBINDING NAME="Name">
<KEYVALUE VALUETYPE="string">http://10.12.205.151:10000/1213729163</KEYVALUE>
</KEYBINDING>
<KEYBINDING NAME="SystemCreationClassName">
<KEYVALUE VALUETYPE="string">CIM_ComputerSystem</KEYVALUE>
</KEYBINDING>
<KEYBINDING NAME="SystemName">
<KEYVALUE VALUETYPE="string">SMCloud105.cn.ibm.com</KEYVALUE>
</KEYBINDING>
</INSTANCENAME>
</LOCALINSTANCEPATH>
</VALUE.REFERENCE>
</PROPERTY.REFERENCE>
<PROPERTY NAME="SubscriptionState"  TYPE="uint16">
<VALUE>2</VALUE>
</PROPERTY>
<PROPERTY NAME="RepeatNotificationPolicy"  TYPE="uint16">
<VALUE>2</VALUE>
</PROPERTY>
<PROPERTY NAME="OnFatalErrorPolicy"  TYPE="uint16">
<VALUE>2</VALUE>
</PROPERTY>
<PROPERTY NAME="TimeOfLastStateChange"  TYPE="datetime">
<VALUE>20120321141148.889521+480</VALUE>
</PROPERTY>
<PROPERTY NAME="SubscriptionStartTime"  TYPE="datetime">
<VALUE>20120321141148.889521+480</VALUE>
</PROPERTY>
</INSTANCE>
</VALUE.NAMEDINSTANCE>
<VALUE.NAMEDINSTANCE>
<INSTANCENAME CLASSNAME="CIM_IndicationSubscription">
<KEYBINDING NAME="Filter">
<VALUE.REFERENCE>
<LOCALINSTANCEPATH>
<LOCALNAMESPACEPATH>
<NAMESPACE NAME="root"/>
<NAMESPACE NAME="aristos"/>
</LOCALNAMESPACEPATH>
<INSTANCENAME CLASSNAME="CIM_IndicationFilter">
<KEYBINDING NAME="CreationClassName">
<KEYVALUE VALUETYPE="string">CIM_IndicationFilter</KEYVALUE>
</KEYBINDING>
<KEYBINDING NAME="Name">
<KEYVALUE VALUETYPE="string">Indication Alert</KEYVALUE>
</KEYBINDING>
<KEYBINDING NAME="SystemCreationClassName">
<KEYVALUE VALUETYPE="string">CIM_ComputerSystem</KEYVALUE>
</KEYBINDING>
<KEYBINDING NAME="SystemName">
<KEYVALUE VALUETYPE="string">SMCloud105.cn.ibm.com</KEYVALUE>
</KEYBINDING>
</INSTANCENAME>
</LOCALINSTANCEPATH>
</VALUE.REFERENCE>
</KEYBINDING>
<KEYBINDING NAME="Handler">
<VALUE.REFERENCE>
<LOCALINSTANCEPATH>
<LOCALNAMESPACEPATH>
<NAMESPACE NAME="root"/>
<NAMESPACE NAME="aristos"/>
</LOCALNAMESPACEPATH>
<INSTANCENAME CLASSNAME="CIM_ListenerDestinationCIMXML">
<KEYBINDING NAME="CreationClassName">
<KEYVALUE VALUETYPE="string">CIM_ListenerDestinationCIMXML</KEYVALUE>
</KEYBINDING>
<KEYBINDING NAME="Name">
<KEYVALUE VALUETYPE="string">IBM:7f5c2c4e17306362:10.12.205.151:root/aristos</KEYVALUE>
</KEYBINDING>
<KEYBINDING NAME="SystemCreationClassName">
<KEYVALUE VALUETYPE="string">CIM_ComputerSystem</KEYVALUE>
</KEYBINDING>
<KEYBINDING NAME="SystemName">
<KEYVALUE VALUETYPE="string">SMCloud105.cn.ibm.com</KEYVALUE>
</KEYBINDING>
</INSTANCENAME>
</LOCALINSTANCEPATH>
</VALUE.REFERENCE>
</KEYBINDING>
</INSTANCENAME>
<INSTANCE CLASSNAME="CIM_IndicationSubscription" >
<PROPERTY NAME="OtherOnFatalErrorPolicy"  PROPAGATED="true" TYPE="string">
</PROPERTY>
<PROPERTY NAME="FailureTriggerTimeInterval"  PROPAGATED="true" TYPE="uint64">
</PROPERTY>
<PROPERTY NAME="OtherSubscriptionState"  PROPAGATED="true" TYPE="string">
</PROPERTY>
<PROPERTY NAME="SubscriptionDuration"  PROPAGATED="true" TYPE="uint64">
</PROPERTY>
<PROPERTY NAME="SubscriptionTimeRemaining"  PROPAGATED="true" TYPE="uint64">
</PROPERTY>
<PROPERTY NAME="OtherRepeatNotificationPolicy"  PROPAGATED="true" TYPE="string">
</PROPERTY>
<PROPERTY NAME="RepeatNotificationInterval"  PROPAGATED="true" TYPE="uint64">
</PROPERTY>
<PROPERTY NAME="RepeatNotificationGap"  PROPAGATED="true" TYPE="uint64">
</PROPERTY>
<PROPERTY NAME="RepeatNotificationCount"  PROPAGATED="true" TYPE="uint16">
</PROPERTY>
<PROPERTY NAME="AlertOnStateChange"  PROPAGATED="true" TYPE="boolean">
<VALUE>FALSE</VALUE>
</PROPERTY>
<PROPERTY NAME="LastIndicationIdentifier"  PROPAGATED="true" TYPE="string">
</PROPERTY>
<PROPERTY NAME="LastIndicationProductionDateTime"  PROPAGATED="true" TYPE="datetime">
</PROPERTY>
<PROPERTY NAME="SubscriptionInfo"  PROPAGATED="true" TYPE="string">
</PROPERTY>
<PROPERTY.REFERENCE NAME="Filter"  REFERENCECLASS="CIM_IndicationFilter">
<VALUE.REFERENCE>
<LOCALINSTANCEPATH>
<LOCALNAMESPACEPATH>
<NAMESPACE NAME="root"/>
<NAMESPACE NAME="aristos"/>
</LOCALNAMESPACEPATH>
<INSTANCENAME CLASSNAME="CIM_IndicationFilter">
<KEYBINDING NAME="CreationClassName">
<KEYVALUE VALUETYPE="string">CIM_IndicationFilter</KEYVALUE>
</KEYBINDING>
<KEYBINDING NAME="Name">
<KEYVALUE VALUETYPE="string">Indication Alert</KEYVALUE>
</KEYBINDING>
<KEYBINDING NAME="SystemCreationClassName">
<KEYVALUE VALUETYPE="string">CIM_ComputerSystem</KEYVALUE>
</KEYBINDING>
<KEYBINDING NAME="SystemName">
<KEYVALUE VALUETYPE="string">SMCloud105.cn.ibm.com</KEYVALUE>
</KEYBINDING>
</INSTANCENAME>
</LOCALINSTANCEPATH>
</VALUE.REFERENCE>
</PROPERTY.REFERENCE>
<PROPERTY.REFERENCE NAME="Handler"  REFERENCECLASS="CIM_ListenerDestinationCIMXML">
<VALUE.REFERENCE>
<LOCALINSTANCEPATH>
<LOCALNAMESPACEPATH>
<NAMESPACE NAME="root"/>
<NAMESPACE NAME="aristos"/>
</LOCALNAMESPACEPATH>
<INSTANCENAME CLASSNAME="CIM_ListenerDestinationCIMXML">
<KEYBINDING NAME="CreationClassName">
<KEYVALUE VALUETYPE="string">CIM_ListenerDestinationCIMXML</KEYVALUE>
</KEYBINDING>
<KEYBINDING NAME="Name">
<KEYVALUE VALUETYPE="string">IBM:7f5c2c4e17306362:10.12.205.151:root/aristos</KEYVALUE>
</KEYBINDING>
<KEYBINDING NAME="SystemCreationClassName">
<KEYVALUE VALUETYPE="string">CIM_ComputerSystem</KEYVALUE>
</KEYBINDING>
<KEYBINDING NAME="SystemName">
<KEYVALUE VALUETYPE="string">SMCloud105.cn.ibm.com</KEYVALUE>
</KEYBINDING>
</INSTANCENAME>
</LOCALINSTANCEPATH>
</VALUE.REFERENCE>
</PROPERTY.REFERENCE>
<PROPERTY NAME="SubscriptionState"  TYPE="uint16">
<VALUE>2</VALUE>
</PROPERTY>
<PROPERTY NAME="RepeatNotificationPolicy"  TYPE="uint16">
<VALUE>2</VALUE>
</PROPERTY>
<PROPERTY NAME="OnFatalErrorPolicy"  TYPE="uint16">
<VALUE>2</VALUE>
</PROPERTY>
<PROPERTY NAME="TimeOfLastStateChange"  TYPE="datetime">
<VALUE>20120321141155.270523+480</VALUE>
</PROPERTY>
<PROPERTY NAME="SubscriptionStartTime"  TYPE="datetime">
<VALUE>20120321141155.270523+480</VALUE>
</PROPERTY>
</INSTANCE>
</VALUE.NAMEDINSTANCE>
</IRETURNVALUE>
</IMETHODRESPONSE>
</SIMPLERSP>
</MESSAGE>
</CIM>